,Team,3P%,FT%,3PA%
0,Bradley,40.9,77.2,42.4
1,Villanova,40.3,81.5,43.6
2,Houston,39.8,74.0,34.0
3,North Dakota St.,39.6,79.2,54.1
4,UC Santa Barbara,39.2,77.4,46.2
5,Wright St.,38.8,69.5,37.3
6,Xavier,38.7,79.0,37.7
7,Memphis,38.7,71.1,34.0
8,Belmont,38.7,71.5,44.8
9,Duke,38.6,78.2,45.2
10,Sam Houston St.,38.6,73.0,38.2
11,Clemson,38.4,77.0,39.2
12,SMU,38.4,72.9,35.8
13,St. Thomas,38.3,78.4,46.5
14,Purdue,38.3,72.7,37.9
15,Liberty,38.2,64.5,47.5
16,UMBC,38.1,70.4,38.6
17,Holy Cross,38.1,71.7,42.4
18,Yale,38.0,74.0,31.8
19,Santa Clara,37.8,72.7,46.5
20,Virginia,37.7,75.2,43.2
21,Missouri,37.6,72.6,41.8
22,Iowa,37.6,70.5,41.2
23,Cal St. Bakersfield,37.6,77.1,28.3
24,Ohio St.,37.5,75.2,37.0
25,Howard,37.5,76.3,38.0
26,BYU,37.4,68.6,47.8
27,Illinois St.,37.4,75.1,47.3
28,Texas Tech,37.4,77.0,43.7
29,Western Illinois,37.4,69.2,37.1
30,Jacksonville,37.4,67.7,34.2
31,Purdue Fort Wayne,37.4,75.5,45.7
32,Kentucky,37.3,73.7,42.1
33,Cornell,37.3,75.5,48.4
34,Miami OH,37.2,72.9,43.3
35,Canisius,37.2,75.3,41.0
36,Auburn,37.1,74.7,40.7
37,Lamar,37.0,70.4,32.8
38,Samford,37.0,71.9,47.0
39,Northern Iowa,36.9,69.7,36.3
41,High Point,36.9,76.8,39.5
42,Maryland,36.8,75.2,35.7
43,UC San Diego,36.8,74.5,49.1
44,Nebraska Omaha,36.7,73.5,38.9
45,Oregon St.,36.7,79.1,35.7
46,Butler,36.7,74.2,40.4
47,Chattanooga,36.6,76.4,45.7
48,Maine,36.6,74.2,34.3
49,UNC Greensboro,36.6,74.1,42.9
50,Oklahoma,36.6,79.1,42.2
51,Delaware,36.5,77.7,40.2
52,Little Rock,36.5,70.0,30.3
53,Northern Colorado,36.5,72.1,37.9
54,Lipscomb,36.5,78.4,46.7
55,Washington St.,36.4,71.0,41.4
56,Texas St.,36.4,76.4,28.2
57,Incarnate Word,36.3,68.0,36.4
58,Missouri St.,36.3,65.2,37.2
59,Binghamton,36.2,69.3,36.2
60,Lehigh,36.2,68.7,37.7
61,Virginia Tech,36.1,72.3,40.1
62,IU Indy,36.1,75.0,47.5
63,Utah St.,36.1,70.1,41.3
64,Nevada,36.0,69.8,37.0
65,Arizona St.,36.0,71.8,43.5
66,USC,36.0,73.6,33.8
67,Radford,36.0,75.5,36.4
68,UTSA,35.9,81.3,44.7
69,Presbyterian,35.9,69.1,34.4
70,North Texas,35.9,76.8,37.6
71,South Dakota St.,35.9,75.5,39.8
72,Notre Dame,35.8,74.7,37.9
73,Florida Gulf Coast,35.8,69.5,38.4
74,Providence,35.8,68.9,46.0
75,Montana,35.8,74.7,37.0
76,Texas,35.8,75.0,36.0
77,Long Beach St.,35.8,74.9,36.3
78,Temple,35.7,73.6,31.3
79,Mercyhurst,35.7,80.7,36.4
80,Stonehill,35.7,72.5,44.9
82,Akron,35.6,74.2,45.6
83,Drake,35.6,71.2,36.6
84,Idaho,35.6,76.0,48.1
85,Bellarmine,35.6,76.6,43.2
86,UT Arlington,35.5,66.3,42.1
87,San Jose St.,35.5,72.7,40.5
88,Colgate,35.5,73.2,42.3
89,Nicholls,35.5,68.8,37.0
90,Wisconsin,35.4,83.3,47.8
91,Dayton,35.4,75.3,40.5
92,Wyoming,35.4,65.5,40.0
93,Connecticut,35.4,78.2,43.2
94,Florida Atlantic,35.4,70.8,40.6
95,Iowa St.,35.4,75.0,36.1
96,Florida,35.4,71.2,43.5
97,Bucknell,35.3,66.3,41.0
98,Gonzaga,35.3,80.3,34.0
99,Coastal Carolina,35.3,69.4,38.9
100,Charleston,35.3,71.1,39.8
101,Colorado St.,35.3,78.3,43.1
102,Monmouth,35.3,74.4,34.4
103,Ball St.,35.3,70.0,37.3
104,UCLA,35.2,70.5,35.6
105,Baylor,35.2,74.2,40.6
106,Southern Indiana,35.2,73.9,33.5
107,Boston College,35.1,72.3,32.7
108,Alabama,35.1,72.0,47.2
109,Southeast Missouri,35.1,71.6,35.8
110,Delaware St.,35.1,72.5,20.5
111,Southern Illinois,35.0,68.0,33.6
112,North Florida,35.0,67.9,54.0
113,Sacred Heart,35.0,73.4,43.8
114,Mississippi,34.9,73.3,41.0
115,Indiana St.,34.9,75.8,50.3
116,Ohio,34.9,76.1,40.9
117,Eastern Kentucky,34.9,77.3,42.6
118,Pittsburgh,34.9,78.2,41.4
119,Furman,34.8,69.0,50.9
120,Loyola Chicago,34.8,66.5,41.6
121,East Tennessee St.,34.8,66.8,41.7
123,Georgia Southern,34.8,65.2,44.6
124,Princeton,34.8,70.5,47.9
125,Tennessee Tech,34.7,70.5,46.0
126,McNeese,34.7,69.7,36.7
127,Oregon,34.7,76.3,38.6
128,UTEP,34.7,71.6,36.0
129,Oral Roberts,34.7,75.8,45.8
130,Saint Louis,34.7,69.5,50.3
131,Montana St.,34.7,72.3,43.1
132,UAB,34.7,75.3,29.0
133,VCU,34.6,73.9,47.4
134,William & Mary,34.6,72.6,51.6
135,Dartmouth,34.6,75.1,46.8
136,James Madison,34.6,76.7,45.3
137,North Carolina,34.6,73.5,36.2
138,UC Irvine,34.6,79.7,35.1
139,Tennessee,34.6,74.5,42.7
140,Queens,34.5,69.0,45.0
141,Eastern Michigan,34.5,73.3,38.4
142,Manhattan,34.5,75.8,41.5
143,Washington,34.4,69.1,35.5
144,CSUN,34.4,73.7,31.1
145,American,34.4,76.1,45.2
146,Rhode Island,34.4,69.4,37.7
147,George Mason,34.4,70.4,35.5
148,Florida A&M,34.3,72.3,46.5
149,Louisiana Tech,34.3,76.2,42.2
150,Duquesne,34.3,64.3,43.5
151,Cal Poly,34.3,77.1,50.8
152,Georgia St.,34.3,68.4,33.7
153,Illinois Chicago,34.3,72.5,39.5
154,Michigan,34.3,71.9,42.8
155,UNC Asheville,34.3,72.5,35.0
156,Georgia Tech,34.3,68.1,36.3
157,New Mexico,34.3,69.0,32.5
158,Columbia,34.2,73.0,39.1
159,UMass Lowell,34.2,77.5,34.7
160,Saint Joseph's,34.2,75.0,45.9
161,Davidson,34.2,74.3,41.8
162,Texas A&M Corpus Chris,34.2,62.4,28.4
164,Rice,34.2,68.4,39.4
165,Robert Morris,34.2,72.2,36.4
166,Appalachian St.,34.1,65.2,41.0
167,Austin Peay,34.1,71.1,40.3
168,Mount St. Mary's,34.1,73.7,40.2
169,North Alabama,34.1,71.0,35.2
170,Kansas St.,34.0,68.5,40.5
171,Drexel,34.0,69.3,36.9
172,Kansas,34.0,70.4,33.9
173,SIUE,34.0,67.8,36.8
174,Lafayette,34.0,69.0,40.5
175,Northwestern,34.0,73.0,34.0
176,San Francisco,33.9,71.3,44.1
177,Saint Mary's,33.9,69.9,33.8
178,Toledo,33.9,74.8,29.1
179,Niagara,33.9,73.9,43.3
180,Pepperdine,33.9,71.1,33.5
181,North Carolina Central,33.9,69.0,33.2
182,Northern Arizona,33.9,66.5,38.4
183,UC Riverside,33.8,76.3,41.8
184,Stanford,33.8,78.9,41.2
185,Saint Francis,33.8,72.6,41.6
186,Rutgers,33.8,72.2,36.3
187,South Carolina St.,33.8,68.8,33.2
188,DePaul,33.8,70.6,47.1
189,Northwestern St.,33.7,69.2,35.2
190,Jacksonville St.,33.7,76.4,36.8
191,Air Force,33.7,64.0,47.2
192,UNC Wilmington,33.7,74.1,36.1
193,Northeastern,33.7,69.6,35.1
194,Siena,33.6,74.3,40.5
195,Utah Valley,33.6,68.5,31.2
196,Bryant,33.6,71.1,35.6
197,Penn St.,33.5,75.8,36.2
198,Stetson,33.5,73.9,37.7
199,Wofford,33.5,66.5,47.2
200,Stony Brook,33.5,74.8,39.4
201,UNLV,33.5,72.3,33.8
202,Creighton,33.5,73.8,49.5
203,Utah Tech,33.5,68.9,40.0
205,Bowling Green,33.5,75.3,40.1
206,Navy,33.5,71.9,37.3
207,Denver,33.4,74.4,37.1
208,Brown,33.3,62.7,40.1
209,Murray St.,33.3,72.4,39.6
210,Portland,33.3,78.3,43.3
211,Tulane,33.3,75.7,39.9
212,Utah,33.2,63.8,43.4
213,Georgia,33.2,71.8,36.6
214,Longwood,33.2,72.5,34.0
215,Detroit Mercy,33.2,73.5,28.4
216,Green Bay,33.2,78.9,46.5
217,Cincinnati,33.2,66.7,38.0
218,Louisville,33.1,74.5,49.3
219,Towson,33.1,68.7,37.5
220,Gardner Webb,33.1,68.5,33.4
221,Arkansas,33.1,72.9,36.5
222,Portland St.,33.1,63.8,30.4
223,Le Moyne,33.0,71.6,41.6
224,Winthrop,33.0,67.1,37.4
225,UCF,32.9,77.7,40.6
226,San Diego St.,32.9,67.6,38.5
227,Tarleton St.,32.9,73.9,25.5
228,Syracuse,32.9,70.6,32.7
229,Marquette,32.9,72.9,46.5
230,St. Bonaventure,32.9,73.1,34.5
231,Hampton,32.9,70.8,36.6
232,Vanderbilt,32.8,74.8,40.2
233,Boston University,32.7,66.1,42.4
234,Alcorn St.,32.7,72.0,30.3
235,Northern Illinois,32.7,70.8,48.5
236,Elon,32.7,75.7,41.8
237,Loyola MD,32.6,69.1,39.6
238,Saint Peter's,32.6,72.7,38.6
239,Merrimack,32.6,71.8,42.6
240,Marist,32.6,69.6,37.1
241,Minnesota,32.6,66.6,36.4
242,West Virginia,32.6,72.7,46.2
243,Houston Christian,32.6,70.2,43.8
244,Kansas City,32.6,77.1,44.2
246,Loyola Marymount,32.5,71.6,40.1
247,Wagner,32.5,71.1,37.4
248,Penn,32.5,69.3,44.8
249,Alabama St.,32.5,69.9,43.2
250,Nebraska,32.5,74.8,38.4
251,Hofstra,32.5,71.6,42.0
252,Mercer,32.4,64.5,40.3
253,Tennessee St.,32.4,68.3,33.8
254,Vermont,32.4,72.1,43.1
255,Indiana,32.4,71.1,33.3
256,Fairleigh Dickinson,32.4,71.3,41.6
257,New Hampshire,32.4,65.6,40.7
258,Seattle,32.4,72.7,37.5
259,Central Connecticut,32.3,73.6,34.1
260,Marshall,32.3,68.6,40.0
261,Western Kentucky,32.3,72.8,39.6
262,Louisiana Monroe,32.2,71.3,34.0
263,Fordham,32.2,71.7,41.4
264,Southeastern Louisiana,32.2,74.4,32.3
265,North Dakota,32.2,69.9,39.6
266,Cleveland St.,32.2,71.6,33.4
267,Campbell,32.2,76.5,42.3
268,Fairfield,32.2,73.1,39.2
269,Harvard,32.2,77.6,40.1
270,California,32.2,74.7,37.8
271,Eastern Washington,32.2,77.5,38.3
272,Norfolk St.,32.1,75.1,28.7
273,Boise St.,32.1,77.6,41.3
274,Idaho St.,32.1,73.8,36.6
275,Colorado,32.1,75.0,37.9
276,Middle Tennessee,32.1,68.8,38.5
277,Northern Kentucky,32.0,66.2,39.9
278,Grand Canyon,32.0,73.4,34.5
279,N.C. State,32.0,71.8,35.2
280,Weber St.,32.0,69.5,37.3
281,Milwaukee,32.0,69.0,31.4
282,Prairie View A&M,32.0,69.9,33.3
283,South Alabama,31.9,70.8,46.6
284,Iona,31.9,68.2,34.7
285,Florida St.,31.9,71.8,34.0
287,Southern,31.8,64.4,33.1
288,UC Davis,31.8,74.2,35.3
289,Valparaiso,31.8,78.9,38.4
290,Texas Southern,31.8,73.0,35.8
291,South Florida,31.7,72.4,37.9
292,Arkansas St.,31.7,73.1,44.6
293,Eastern Illinois,31.7,69.3,29.7
294,Grambling St.,31.7,72.0,35.4
295,South Dakota,31.7,71.6,37.4
296,South Carolina,31.6,71.0,37.9
297,Oklahoma St.,31.6,72.4,35.9
298,Sacramento St.,31.5,67.5,44.9
299,Youngstown St.,31.5,74.1,46.0
300,Fresno St.,31.5,69.5,35.4
301,Louisiana,31.5,73.2,38.2
302,Bethune Cookman,31.5,69.5,33.8
303,Army,31.4,68.6,41.2
304,Jackson St.,31.4,73.2,34.9
305,Seton Hall,31.4,66.7,30.5
306,Miami FL,31.4,77.3,39.1
307,Rider,31.4,71.7,30.2
308,East Texas A&M,31.4,64.7,48.3
309,UT Rio Grande Valley,31.4,70.9,49.0
310,VMI,31.3,77.0,47.7
311,Georgetown,31.3,70.4,36.9
312,Mississippi St.,31.2,69.5,42.0
313,Central Michigan,31.2,73.7,34.0
314,East Carolina,31.2,72.1,35.1
315,Tulsa,31.2,66.1,43.1
316,Arizona,31.2,78.0,35.2
317,La Salle,31.1,71.8,33.9
318,Southern Utah,31.1,73.5,32.4
319,LSU,31.1,72.5,43.3
320,Hawaii,31.0,73.9,36.9
321,Albany,31.0,72.9,35.5
322,Richmond,30.9,80.4,45.4
323,Charleston Southern,30.9,66.4,41.9
324,Morgan St.,30.8,71.9,21.8
325,Illinois,30.8,75.5,47.1
326,Arkansas Pine Bluff,30.8,59.5,37.6
328,Cal Baptist,30.8,75.9,34.4
329,Tennessee Martin,30.7,69.4,47.3
330,Charlotte,30.7,75.5,40.3
331,George Washington,30.7,70.1,41.8
332,New Orleans,30.7,66.7,30.7
333,Morehead St.,30.6,67.5,34.1
334,Texas A&M,30.6,69.4,37.6
335,Buffalo,30.6,69.1,44.1
336,New Mexico St.,30.5,68.4,37.5
337,LIU,30.4,73.1,33.5
338,Chicago St.,30.4,70.2,41.2
339,Troy,30.3,71.7,45.7
340,Alabama A&M,30.3,66.5,41.4
341,North Carolina A&T,30.2,68.3,35.8
342,NJIT,30.2,73.3,37.4
343,TCU,30.2,65.1,34.8
344,St. John's,30.2,68.7,30.8
345,Southern Miss,30.1,69.0,36.9
346,Kent St.,30.1,76.3,38.1
347,Evansville,30.1,70.4,41.0
348,Wichita St.,29.9,72.7,28.5
349,Maryland Eastern Shore,29.8,66.1,36.7
350,USC Upstate,29.8,67.8,36.7
351,Oakland,29.8,69.0,42.7
352,Central Arkansas,29.8,71.4,47.6
353,Western Carolina,29.7,73.9,48.2
354,Michigan St.,29.7,79.3,32.2
355,West Georgia,29.7,69.0,30.1
356,Quinnipiac,29.6,75.9,37.7
357,Kennesaw St.,29.6,72.2,45.4
358,Abilene Christian,29.5,71.4,25.8
359,The Citadel,29.4,63.3,45.5
360,Pacific,29.4,73.2,38.1
361,FIU,29.1,71.1,29.0
362,San Diego,29.0,74.9,36.0
363,Stephen F. Austin,28.8,62.7,36.4
364,Wake Forest,28.6,75.6,35.0
365,Coppin St.,28.4,67.9,32.5
366,Massachusetts,28.4,66.9,31.7
367,Western Michigan,28.2,67.4,32.0
368,Old Dominion,28.1,70.9,35.6
369,Mississippi Valley St.,27.3,66.6,30.3
370,Lindenwood,27.2,67.9,35.1
371,Cal St. Fullerton,26.8,74.0,33.5
