Team,SOSDuke,9.18Auburn,18.15Houston,12.79Florida,12.18Tennessee,14.64Alabama,18.03Texas Tech,10.75Gonzaga,6.93Michigan St.,12.55Wisconsin,13.14Iowa St.,11.82Missouri,11.21Arizona,15.34Maryland,9.7Purdue,15.92St. John's,8.36Clemson,8.62Kentucky,17.85Saint Mary's,5.52Kansas,14.39Texas A&M,16.01Illinois,15.42Marquette,11.25Louisville,10.3Michigan,12.92BYU,9.8Mississippi,14.19UCLA,12.23VCU,0.69Baylor,15.34Mississippi St.,15.12Ohio St.,14.69Oregon,14.2Georgia,13.79UC San Diego,-1.34Connecticut,10.35Creighton,12Vanderbilt,12.84North Carolina,11.61New Mexico,6.38San Diego St.,8.7Arkansas,13.4Xavier,9.53Indiana,12.97Oklahoma,13.76SMU,6.15Memphis,7.82Northwestern,11.56Boise St.,5.92Cincinnati,11.64Texas,12.61Nebraska,12.41West Virginia,14.21Villanova,7.96Santa Clara,5.28Utah St.,6.37Colorado St.,5.45Pittsburgh,9.96Drake,0.29North Texas,2.47McNeese,-1.36USC,12.27Penn St.,9.24San Francisco,3.49Arizona St.,15.23Kansas St.,12.73South Carolina,14.1Utah,10.27Rutgers,13.38UC Irvine,0.62Butler,10.84Yale,-2.45Liberty,0.18Iowa,11.21Saint Joseph's,1.08Nevada,5.16Wake Forest,7.8LSU,12.91Dayton,4.57UCF,12.24Oregon St.,1.76TCU,13.57George Mason,1.21Lipscomb,-3.44Georgetown,6.66Stanford,4.8Arkansas St.,-2.44High Point,-5.16Minnesota,11.2Florida St.,6.69UNLV,5.88Providence,10.32Notre Dame,7.83Colorado,12.65Georgia Tech,6.38Bradley,0.24Northern Iowa,0.27Oklahoma St.,12Grand Canyon,-2.63CSUN,-2.17St. Bonaventure,1.66Virginia,9.67Akron,-3.21Washington,12.81Saint Louis,3.76UAB,-2.23Samford,-2.48UNC Wilmington,-4.09Troy,-2.51Chattanooga,-2.17Florida Atlantic,3.55Jacksonville St.,2.35Louisiana Tech,1.81North Alabama,-5.2South Alabama,-3.88California,6.37Middle Tennessee,3.58George Washington,-1.97Kent St.,-2.6South Dakota St.,-1.22Washington St.,4.69Utah Valley,-1.24Syracuse,8.53St. Thomas,-2.68North Dakota St.,-2.49N.C. State,7.46Loyola Chicago,0.33Wichita St.,1.63UNC Greensboro,-1.29Northern Colorado,-3.29Wofford,0.22East Tennessee St.,-3.03Duquesne,1.49New Mexico St.,2.42DePaul,8.44Cornell,-2.01Belmont,0.13Milwaukee,-2.62Davidson,0.6Kennesaw St.,3.15Illinois St.,1.28Rhode Island,-0.11UC Riverside,3.08Western Kentucky,3.42UC Santa Barbara,-3.02Murray St.,1.88Virginia Tech,6.69Seattle,1.14Furman,-1.78Towson,-1.63UTEP,2.34Robert Morris,-5.95James Madison,-1.14Charleston,-2.17Tulane,-1.89Radford,-1.81Illinois Chicago,2.53Loyola Marymount,3.63Bryant,-4.92Appalachian St.,-2.42East Carolina,-1.31Florida Gulf Coast,-2.92Nicholls,-1.61Purdue Fort Wayne,-3.49Rice,-1.63Cal Baptist,-0.47Cleveland St.,-3.83Miami OH,-5.06Marshall,-3.94Texas A&M Corpus Chris,-2.07Sam Houston St.,5.43San Jose St.,5.08Temple,0.7Central Connecticut,-10.14Winthrop,-3.58Norfolk St.,-5.87Eastern Kentucky,-2.51Ohio,-2.78Montana,-0.57Lamar,-2.03Nebraska Omaha,-1.91Jacksonville,-2.12Wyoming,6.01Boston College,4.89Elon,-2.86Dartmouth,-3.38Montana St.,-1.06Portland St.,-3.22Princeton,-0.31Idaho St.,-2.92Texas St.,-1.85Southern Illinois,1.57Miami FL,8.41Central Michigan,-0.96Seton Hall,9.71Southeastern Louisiana,-3.53South Florida,0.18Oakland,0.52South Carolina St.,-6.32UNC Asheville,-2.36Drexel,-4.39Merrimack,-4.79Massachusetts,1.41Southeast Missouri,-7.21Indiana St.,0.53Quinnipiac,-5.65Northeastern,-3.51Cal Poly,3.02Campbell,-3.52Youngstown St.,-4.92Brown,-3.36Longwood,-3.64Hampton,-2.15Queens,-3.83Bucknell,-6.42Abilene Christian,-1.05UTSA,2.13William & Mary,-2.23Hawaii,-1.07Little Rock,-7.55UT Arlington,-1.34Wright St.,-2.95Hofstra,-1.67Maine,-6.59Southern,-5.99Fordham,1.99Vermont,-5.57Presbyterian,-2.24SIUE,-8.77UC Davis,0.26South Dakota,-3.27UMass Lowell,-7.1Valparaiso,-0.03Missouri St.,0.88Siena,-5.88Richmond,3.16Kansas City,-1.52Northern Kentucky,-1.94UT Rio Grande Valley,-2.74Northwestern St.,0.01Pepperdine,2.47Cal St. Bakersfield,0.27Incarnate Word,-5.6Marist,-10.15La Salle,2.17Jackson St.,-0.03North Florida,-1.47Manhattan,-7.83Georgia Southern,-4Fresno St.,6.84Toledo,-2.09American,-5.59Evansville,1.37FIU,0.3Northern Arizona,-5.03Mercer,-1.87Sacred Heart,-7.13Tennessee St.,-7.84Charlotte,0.09Gardner Webb,-1.53Harvard,-1.49Portland,2.34Albany,-7.04Iona,-6.63Mount St. Mary's,-6.71Colgate,-4.77Delaware,-2.25Idaho,-2.29Georgia St.,-2.86Houston Christian,-2.15Stephen F. Austin,-2.8Navy,-7.87Columbia,-5Ball St.,-6.41North Dakota,-0.57Monmouth,-1.35Bethune Cookman,-3.5Austin Peay,-1.32Lehigh,-5.65Tarleton St.,2.02Southern Utah,-0.6Pacific,3.55LIU,-9.33Tulsa,-1.69Penn,-1.12Eastern Washington,-0.7San Diego,2.12Texas Southern,-5.7Lafayette,-7.53Southern Miss,-1.24Bowling Green,-5.95Alabama St.,-8.19Eastern Michigan,-4.87Saint Peter's,-5.67VMI,-1.71Tennessee Martin,-6.88Charleston Southern,0.59UMBC,-7.18Utah Tech,0.77Weber St.,-1.72Western Michigan,-3.51Boston University,-7.48Delaware St.,-7.08Air Force,4.33Old Dominion,-3.53Long Beach St.,1.3Tennessee Tech,-7.32Denver,-1.47Alcorn St.,-1.46Louisiana,-1.08Howard,-6.35Loyola MD,-7.7Binghamton,-6.22IU Indy,-3.38Army,-7.46Stonehill,-9.26Florida A&M,-4.37Fairleigh Dickinson,-7.36Eastern Illinois,-5.34Holy Cross,-5.57Saint Francis,-6.16Rider,-5.01North Carolina Central,-6.82Oral Roberts,0.82Morehead St.,-6.14Grambling St.,-5.92Lindenwood,-6.9Coastal Carolina,-4.2Niagara,-7.46East Texas A&M,-0.3North Carolina A&T,-2.3Morgan St.,-7.41Stony Brook,-2.39Green Bay,-1.02Southern Indiana,-7.35Fairfield,-5.93Detroit Mercy,-1.91USC Upstate,-0.01Western Carolina,1.03Buffalo,-3.32Bellarmine,-3.19Mercyhurst,-8.61New Orleans,1.06Sacramento St.,-2.89Cal St. Fullerton,2.86Louisiana Monroe,-2.55Wagner,-10.03Western Illinois,-7.57West Georgia,-1.82Northern Illinois,-2.92Central Arkansas,-1.98Stetson,-3.28Le Moyne,-7.11NJIT,-5.57New Hampshire,-5.76The Citadel,-2.26Prairie View A&M,-4.19Canisius,-4.17Alabama A&M,-9.48Chicago St.,-2.65Coppin St.,-2.33Maryland Eastern Shore,-1.55Arkansas Pine Bluff,-7.52Mississippi Valley St.,-1.73